{"cameraMode":{"drawMode":0,"name":"Shaded","section":"Shading Mode"},"sceneLighting":true,"audioPlay":false,"sceneViewState":{"showFog":true,"showMaterialUpdate":false,"showSkybox":true,"showFlares":true,"showImageEffects":true,"showParticleSystems":true},"in2DMode":false,"pivot":{"x":-0.6271361112594605,"y":2.278041362762451,"z":-2.783073902130127},"rotation":{"x":-0.13187702000141145,"y":-0.02765488624572754,"z":0.00368028087541461,"w":-0.9908734560012817},"size":7.760819911956787,"orthographic":false}